worksheet_name,uk_year_level,topic,subtopic,dropbox_link
"Adding Fractions - Same Denominators",Year 5,Fractions,Adding Fractions,https://www.dropbox.com/s/abc123/adding-fractions-same-denominators.pdf
"Multiplying Decimals by 10 100 1000",Year 6,Decimals,Multiplying Decimals,https://www.dropbox.com/s/def456/multiplying-decimals.pdf
"Area of Rectangles",Year 4,Measurement,Area,https://www.dropbox.com/s/ghi789/area-rectangles.pdf
"Bar Charts and Pictograms",Year 3,Statistics,Data Handling,https://www.dropbox.com/s/jkl012/bar-charts.pdf
"Angles in a Triangle",Year 7,Geometry,Angles,https://www.dropbox.com/s/mno345/angles-triangle.pdf
"Solving Linear Equations",Year 8,Algebra,Equations,https://www.dropbox.com/s/pqr678/linear-equations.pdf
"Percentage of Amounts",Year 6,Percentages,Finding Percentages,https://www.dropbox.com/s/stu901/percentage-amounts.pdf
"Telling Time to 5 Minutes",Year 2,Time,Reading Time,https://www.dropbox.com/s/vwx234/telling-time.pdf
"Money Word Problems",Year 3,Money,Problem Solving,https://www.dropbox.com/s/yza567/money-problems.pdf
"Negative Numbers on Number Line",Year 5,Number,Negative Numbers,https://www.dropbox.com/s/bcd890/negative-numbers.pdf
